{"cameraMode":{"drawMode":0,"name":"Shaded","section":"Shading Mode"},"sceneLighting":false,"audioPlay":false,"sceneViewState":{"showFog":true,"showMaterialUpdate":false,"showSkybox":false,"showFlares":true,"showImageEffects":true,"showParticleSystems":true},"in2DMode":false,"pivot":{"x":82.47106170654297,"y":-27.1171875,"z":5.18408203125},"rotation":{"x":-0.6667913794517517,"y":0.002235701074823737,"z":-0.0020003661047667267,"w":-0.7452384829521179},"size":25.309146881103517,"orthographic":true}