{"cameraMode":{"drawMode":0,"name":"Shaded","section":"Shading Mode"},"sceneLighting":false,"audioPlay":false,"sceneViewState":{"showFog":true,"showMaterialUpdate":false,"showSkybox":false,"showFlares":true,"showImageEffects":true,"showParticleSystems":true},"in2DMode":false,"pivot":{"x":54.468048095703128,"y":1.77734375,"z":15.3935546875},"rotation":{"x":-0.5934926271438599,"y":-0.0036217716988176109,"z":0.0026707337237894537,"w":-0.8048269152641296},"size":27.76461410522461,"orthographic":true}