{"cameraMode":{"drawMode":0,"name":"Shaded","section":"Shading Mode"},"sceneLighting":false,"audioPlay":false,"sceneViewState":{"showFog":true,"showMaterialUpdate":false,"showSkybox":false,"showFlares":true,"showImageEffects":true,"showParticleSystems":true},"in2DMode":false,"pivot":{"x":5.89604377746582,"y":15.749008178710938,"z":16.00633430480957},"rotation":{"x":-0.24137566983699799,"y":-0.029989829286932946,"z":0.007462791167199612,"w":-0.9699395895004273},"size":31.587465286254884,"orthographic":false}